target_html,target_id,alg,0,1
<img src='/static/targets/i0022.png' />,0,arr2,8.85041618347168,7.380502223968506
<img src='/static/targets/i0036.png' />,1,arr2,8.217392921447754,5.851673126220703
<img src='/static/targets/i0050.png' />,2,arr2,6.738002300262451,5.815413951873779
<img src='/static/targets/i0074.png' />,3,arr2,5.544034481048584,4.965300559997559
<img src='/static/targets/i0076.png' />,4,arr2,5.765116214752197,4.354519367218018
<img src='/static/targets/i0112.png' />,5,arr2,4.202248573303223,4.272711277008057
<img src='/static/targets/i0114.png' />,6,arr2,4.105359077453613,4.055685520172119
<img src='/static/targets/i0126.png' />,7,arr2,3.684150457382202,4.430455207824707
<img src='/static/targets/i0142.png' />,8,arr2,4.014805316925049,3.208559036254883
<img src='/static/targets/i0152.png' />,9,arr2,3.23663330078125,3.4358084201812744
<img src='/static/targets/i0184.png' />,10,arr2,2.4515929222106934,2.7941856384277344
<img src='/static/targets/i0194.png' />,11,arr2,1.4172368049621582,3.2951176166534424
<img src='/static/targets/i0200.png' />,12,arr2,2.6839330196380615,1.5317394733428955
<img src='/static/targets/i0208.png' />,13,arr2,1.4555696249008179,1.9291515350341797
<img src='/static/targets/i0220.png' />,14,arr2,0.34608182311058044,2.149390935897827
<img src='/static/targets/i0254.png' />,15,arr2,-0.4443992078304291,0.12005294859409332
<img src='/static/targets/i0256.png' />,16,arr2,0.7207040786743164,-0.023386139422655106
<img src='/static/targets/i0312.png' />,17,arr2,-0.3576628565788269,-3.368551731109619
<img src='/static/targets/i0322.png' />,18,arr2,-1.6917846202850342,-2.543368339538574
<img src='/static/targets/i0326.png' />,19,arr2,-1.642867922782898,-4.321971893310547
<img src='/static/targets/i0414.png' />,20,arr2,-8.509031295776367,-1.7088940143585205
<img src='/static/targets/i0420.png' />,21,arr2,-6.999408721923828,-2.478924036026001
<img src='/static/targets/i0430.png' />,22,arr2,-8.063743591308594,-3.095698595046997
<img src='/static/targets/i0438.png' />,23,arr2,-7.159533977508545,-3.755110025405884
<img src='/static/targets/i0454.png' />,24,arr2,-7.295356750488281,-4.896754264831543
<img src='/static/targets/i0470.png' />,25,arr2,-7.9944610595703125,-5.903231620788574
<img src='/static/targets/i0494.png' />,26,arr2,-7.6536946296691895,-7.7202911376953125
<img src='/static/targets/i0524.png' />,27,arr2,-6.650938510894775,-8.344515800476074
<img src='/static/targets/i0526.png' />,28,arr2,-6.741564750671387,-8.249147415161133
<img src='/static/targets/i0572.png' />,29,arr2,-5.654633522033691,-8.743964195251465
